﻿<parameters>
  <parameter name="IIS Web Application Name" defaultValue="Default Web Site/ATS_deploy" tags="IisApp">
    <parameterEntry kind="ProviderPath" scope="IisApp" match="^C:\\Users\\Ace\\Documents\\Dropbox\\Team\ Project\\BURN_TO_CD_Final\ Submission\\ATS-Final\\ATS\\obj\\Release\\Package\\PackageTmp$" />
    <parameterEntry kind="ProviderPath" scope="setAcl" match="^C:\\Users\\Ace\\Documents\\Dropbox\\Team\ Project\\BURN_TO_CD_Final\ Submission\\ATS-Final\\ATS\\obj\\Release\\Package\\PackageTmp$" />
  </parameter>
  <parameter name="ApplicationServices-Deployment Connection String" defaultValue="" tags="SqlConnectionString">
    <parameterEntry kind="ProviderPath" scope="dbFullSql" match="^C:\\Users\\Ace\\Documents\\Dropbox\\Team\ Project\\BURN_TO_CD_Final\ Submission\\ATS-Final\\ATS\\obj\\Release\\AutoScripts\\ApplicationServices-Deployment_SchemaOnly\.sql$" />
    <parameterEntry kind="ProviderPath" scope="dbFullSql" match="^C:\\Users\\Ace\\Documents\\Dropbox\\Team\ Project\\BURN_TO_CD_Final\ Submission\\ATS_TABLE_SCRIPT\.sql$" />
  </parameter>
  <parameter name="ApplicationServices-Web.config Connection String" description="ApplicationServices Connection String used in web.config by the application to access the database." defaultValue="data source=.\SQLEXPRESS;Integrated Security=SSPI;AttachDBFilename=|DataDirectory|\aspnetdb.mdf;User Instance=true" tags="SqlConnectionString">
    <parameterEntry kind="XmlFile" scope="obj\\Release\\Package\\PackageTmp\\Web\.config$" match="/configuration/connectionStrings/add[@name='ApplicationServices']/@connectionString" />
  </parameter>
</parameters>